<?xml version="1.0" encoding="UTF-8"?>
<root>
  <item name="io.techery.progresshint.ProgressHintDelegate int getPopupStyle()">
    <annotation name="android.support.annotation.IntDef">
      <val name="value" val="{io.techery.progresshint.ProgressHintDelegate.POPUP_FIXED, io.techery.progresshint.ProgressHintDelegate.POPUP_FOLLOW}" />
    </annotation>
  </item>
  <item name="io.techery.progresshint.ProgressHintDelegate void setPopupStyle(int) 0">
    <annotation name="android.support.annotation.IntDef">
      <val name="value" val="{io.techery.progresshint.ProgressHintDelegate.POPUP_FIXED, io.techery.progresshint.ProgressHintDelegate.POPUP_FOLLOW}" />
    </annotation>
  </item>
</root>

